name_common,name_official,cca2,cca3,capital,region,subregion,population,area_km2,population_density,landlocked,independent,un_member,latitude,longitude,languages,currencies,currency_names,calling_code,timezones,borders,num_borders,flag_emoji,flag_png,flag_svg,continent,start_of_week,driving_side,gini_index
India,Republic of India,IN,IND,New Delhi,Asia,Southern Asia,1417492000,3287263.0,431.21,False,True,True,20.0,77.0,"English, Hindi, Tamil",INR,Indian rupee,+91,UTC+05:30,"BGD, BTN, MMR, CHN, NPL, PAK",6,🇮🇳,https://flagcdn.com/w320/in.png,https://flagcdn.com/in.svg,Asia,monday,left,35.7
China,People's Republic of China,CN,CHN,Beijing,Asia,Eastern Asia,1408280000,9706961.0,145.08,False,True,True,35.0,105.0,Chinese,CNY,Chinese yuan,+86,UTC+08:00,"AFG, BTN, MMR, HKG, IND, KAZ, NPL, PRK, KGZ, LAO, MAC, MNG, PAK, RUS, TJK, VNM",16,🇨🇳,https://flagcdn.com/w320/cn.png,https://flagcdn.com/cn.svg,Asia,monday,right,38.5
United States,United States of America,US,USA,"Washington, D.C.",Americas,North America,340110988,9525067.0,35.71,False,True,True,38.0,-97.0,English,USD,United States dollar,+1201,"UTC-12:00, UTC-11:00, UTC-10:00, UTC-09:00, UTC-08:00, UTC-07:00, UTC-06:00, UTC-05:00, UTC-04:00, UTC+10:00, UTC+12:00","CAN, MEX",2,🇺🇸,https://flagcdn.com/w320/us.png,https://flagcdn.com/us.svg,North America,sunday,right,41.4
Indonesia,Republic of Indonesia,ID,IDN,Jakarta,Asia,South-Eastern Asia,284438782,1904569.0,149.35,False,True,True,-5.0,120.0,Indonesian,IDR,Indonesian rupiah,+62,"UTC+07:00, UTC+08:00, UTC+09:00","TLS, MYS, PNG",3,🇮🇩,https://flagcdn.com/w320/id.png,https://flagcdn.com/id.svg,Asia,monday,left,38.2
Pakistan,Islamic Republic of Pakistan,PK,PAK,Islamabad,Asia,Southern Asia,241499431,796095.0,303.36,False,True,True,30.0,70.0,"English, Urdu",PKR,Pakistani rupee,+92,UTC+05:00,"AFG, CHN, IND, IRN",4,🇵🇰,https://flagcdn.com/w320/pk.png,https://flagcdn.com/pk.svg,Asia,monday,left,31.6
Nigeria,Federal Republic of Nigeria,NG,NGA,Abuja,Africa,Western Africa,223800000,923768.0,242.27,False,True,True,10.0,8.0,English,NGN,Nigerian naira,+234,UTC+01:00,"BEN, CMR, TCD, NER",4,🇳🇬,https://flagcdn.com/w320/ng.png,https://flagcdn.com/ng.svg,Africa,monday,right,35.1
Brazil,Federative Republic of Brazil,BR,BRA,Brasília,Americas,South America,213421037,8515767.0,25.06,False,True,True,-10.0,-55.0,Portuguese,BRL,Brazilian real,+55,"UTC-05:00, UTC-04:00, UTC-03:00, UTC-02:00","ARG, BOL, COL, GUF, GUY, PRY, PER, SUR, URY, VEN",10,🇧🇷,https://flagcdn.com/w320/br.png,https://flagcdn.com/br.svg,South America,sunday,right,53.4
Bangladesh,People's Republic of Bangladesh,BD,BGD,Dhaka,Asia,Southern Asia,169828911,147570.0,1150.84,False,True,True,24.0,90.0,Bengali,BDT,Bangladeshi taka,+880,UTC+06:00,"MMR, IND",2,🇧🇩,https://flagcdn.com/w320/bd.png,https://flagcdn.com/bd.svg,Asia,sunday,left,32.4
Russia,Russian Federation,RU,RUS,Moscow,Europe,Eastern Europe,146028325,17098246.0,8.54,False,True,True,60.0,100.0,Russian,RUB,Russian ruble,+73,"UTC+03:00, UTC+04:00, UTC+06:00, UTC+07:00, UTC+08:00, UTC+09:00, UTC+10:00, UTC+11:00, UTC+12:00","AZE, BLR, CHN, EST, FIN, GEO, KAZ, PRK, LVA, LTU, MNG, NOR, POL, UKR",14,🇷🇺,https://flagcdn.com/w320/ru.png,https://flagcdn.com/ru.svg,"Europe, Asia",monday,right,37.5
Mexico,United Mexican States,MX,MEX,Mexico City,Americas,North America,130575786,1964375.0,66.47,False,True,True,23.0,-102.0,Spanish,MXN,Mexican peso,+52,"UTC-08:00, UTC-07:00, UTC-06:00","BLZ, GTM, USA",3,🇲🇽,https://flagcdn.com/w320/mx.png,https://flagcdn.com/mx.svg,North America,monday,right,45.4
Japan,Japan,JP,JPN,Tokyo,Asia,Eastern Asia,123210000,377930.0,326.01,False,True,True,36.0,138.0,Japanese,JPY,Japanese yen,+81,UTC+09:00,,0,🇯🇵,https://flagcdn.com/w320/jp.png,https://flagcdn.com/jp.svg,Asia,monday,left,32.9
Philippines,Republic of the Philippines,PH,PHL,Manila,Asia,South-Eastern Asia,114123600,342353.0,333.35,False,True,True,13.0,122.0,"English, Filipino",PHP,Philippine peso,+63,UTC+08:00,,0,🇵🇭,https://flagcdn.com/w320/ph.png,https://flagcdn.com/ph.svg,Asia,monday,right,42.3
DR Congo,Democratic Republic of the Congo,CD,COD,Kinshasa,Africa,Middle Africa,112832000,2344858.0,48.12,False,True,True,0.0,25.0,"French, Kikongo, Lingala, Tshiluba, Swahili",CDF,Congolese franc,+243,"UTC+01:00, UTC+02:00","AGO, BDI, CAF, COG, RWA, SSD, TZA, UGA, ZMB",9,🇨🇩,https://flagcdn.com/w320/cd.png,https://flagcdn.com/cd.svg,Africa,monday,right,42.1
Ethiopia,Federal Democratic Republic of Ethiopia,ET,ETH,Addis Ababa,Africa,Eastern Africa,111652998,1104300.0,101.11,True,True,True,8.0,38.0,Amharic,ETB,Ethiopian birr,+251,UTC+03:00,"DJI, ERI, KEN, SOM, SSD, SDN",6,🇪🇹,https://flagcdn.com/w320/et.png,https://flagcdn.com/et.svg,Africa,monday,right,35.0
Egypt,Arab Republic of Egypt,EG,EGY,Cairo,Africa,Northern Africa,107271260,1002450.0,107.01,False,True,True,27.0,30.0,Arabic,EGP,Egyptian pound,+20,UTC+02:00,"ISR, LBY, PSE, SDN",4,🇪🇬,https://flagcdn.com/w320/eg.png,https://flagcdn.com/eg.svg,Africa,sunday,right,31.5
Vietnam,Socialist Republic of Vietnam,VN,VNM,Hanoi,Asia,South-Eastern Asia,101343800,331212.0,305.98,False,True,True,16.16666666,107.83333333,Vietnamese,VND,Vietnamese đồng,+84,UTC+07:00,"KHM, CHN, LAO",3,🇻🇳,https://flagcdn.com/w320/vn.png,https://flagcdn.com/vn.svg,Asia,monday,right,35.7
Iran,Islamic Republic of Iran,IR,IRN,Tehran,Asia,Southern Asia,85961000,1648195.0,52.15,False,True,True,32.0,53.0,Persian (Farsi),IRR,Iranian rial,+98,UTC+03:30,"AFG, ARM, AZE, IRQ, PAK, TUR, TKM",7,🇮🇷,https://flagcdn.com/w320/ir.png,https://flagcdn.com/ir.svg,Asia,saturday,right,42.0
Turkey,Republic of Turkey,TR,TUR,Ankara,Asia,Western Asia,85664944,783562.0,109.33,False,True,True,39.0,35.0,Turkish,TRY,Turkish lira,+90,UTC+03:00,"ARM, AZE, BGR, GEO, GRC, IRN, IRQ, SYR",8,🇹🇷,https://flagcdn.com/w320/tr.png,https://flagcdn.com/tr.svg,"Europe, Asia",monday,right,41.9
Germany,Federal Republic of Germany,DE,DEU,Berlin,Europe,Western Europe,83491249,357114.0,233.79,False,True,True,51.0,9.0,German,EUR,Euro,+49,UTC+01:00,"AUT, BEL, CZE, DNK, FRA, LUX, NLD, POL, CHE",9,🇩🇪,https://flagcdn.com/w320/de.png,https://flagcdn.com/de.svg,Europe,monday,right,31.9
United Kingdom,United Kingdom of Great Britain and Northern Ireland,GB,GBR,London,Europe,Northern Europe,69281437,244376.0,283.5,False,True,True,54.0,-2.0,English,GBP,British pound,+44,"UTC-08:00, UTC-05:00, UTC-04:00, UTC-03:00, UTC-02:00, UTC, UTC+01:00, UTC+02:00, UTC+06:00",IRL,1,🇬🇧,https://flagcdn.com/w320/gb.png,https://flagcdn.com/gb.svg,Europe,monday,left,35.1
Tanzania,United Republic of Tanzania,TZ,TZA,Dodoma,Africa,Eastern Africa,68153004,947303.0,71.94,False,True,True,-6.0,35.0,"English, Swahili",TZS,Tanzanian shilling,+255,UTC+03:00,"BDI, COD, KEN, MWI, MOZ, RWA, UGA, ZMB",8,🇹🇿,https://flagcdn.com/w320/tz.png,https://flagcdn.com/tz.svg,Africa,monday,left,40.5
France,French Republic,FR,FRA,Paris,Europe,Western Europe,66351959,543908.0,121.99,False,True,True,46.0,2.0,French,EUR,Euro,+33,"UTC-10:00, UTC-09:30, UTC-09:00, UTC-08:00, UTC-04:00, UTC-03:00, UTC+01:00, UTC+02:00, UTC+03:00, UTC+04:00, UTC+05:00, UTC+10:00, UTC+11:00, UTC+12:00","AND, BEL, DEU, ITA, LUX, MCO, ESP, CHE",8,🇫🇷,https://flagcdn.com/w320/fr.png,https://flagcdn.com/fr.svg,Europe,monday,right,32.4
Thailand,Kingdom of Thailand,TH,THA,Bangkok,Asia,South-Eastern Asia,65859640,513120.0,128.35,False,True,True,15.0,100.0,Thai,THB,Thai baht,+66,UTC+07:00,"MMR, KHM, LAO, MYS",4,🇹🇭,https://flagcdn.com/w320/th.png,https://flagcdn.com/th.svg,Asia,monday,left,34.9
South Africa,Republic of South Africa,ZA,ZAF,"Pretoria, Bloemfontein, Cape Town",Africa,Southern Africa,63100945,1221037.0,51.68,False,True,True,-29.0,24.0,"Afrikaans, English, Southern Ndebele, Northern Sotho, Southern Sotho, Swazi, Tswana, Tsonga, Venda, Xhosa, Zulu",ZAR,South African rand,+27,UTC+02:00,"BWA, LSO, MOZ, NAM, SWZ, ZWE",6,🇿🇦,https://flagcdn.com/w320/za.png,https://flagcdn.com/za.svg,Africa,monday,left,63.0
Italy,Italian Republic,IT,ITA,Rome,Europe,Southern Europe,58927633,301336.0,195.55,False,True,True,42.83333333,12.83333333,"Italian, Catalan",EUR,Euro,+39,UTC+01:00,"AUT, FRA, SMR, SVN, CHE, VAT",6,🇮🇹,https://flagcdn.com/w320/it.png,https://flagcdn.com/it.svg,Europe,monday,right,35.9
Kenya,Republic of Kenya,KE,KEN,Nairobi,Africa,Eastern Africa,53330978,580367.0,91.89,False,True,True,1.0,38.0,"English, Swahili",KES,Kenyan shilling,+254,UTC+03:00,"ETH, SOM, SSD, TZA, UGA",5,🇰🇪,https://flagcdn.com/w320/ke.png,https://flagcdn.com/ke.svg,Africa,monday,left,40.8
Colombia,Republic of Colombia,CO,COL,Bogotá,Americas,South America,53057212,1141748.0,46.47,False,True,True,4.0,-72.0,Spanish,COP,Colombian peso,+57,UTC-05:00,"BRA, ECU, PAN, PER, VEN",5,🇨🇴,https://flagcdn.com/w320/co.png,https://flagcdn.com/co.svg,South America,monday,right,51.3
Sudan,Republic of the Sudan,SD,SDN,Khartoum,Africa,Northern Africa,51662000,1886068.0,27.39,False,True,True,15.0,30.0,"Arabic, English",SDG,Sudanese pound,+249,UTC+03:00,"CAF, TCD, EGY, ERI, ETH, LBY, SSD",7,🇸🇩,https://flagcdn.com/w320/sd.png,https://flagcdn.com/sd.svg,Africa,monday,right,34.2
Myanmar,Republic of the Union of Myanmar,MM,MMR,Naypyidaw,Asia,South-Eastern Asia,51316756,676578.0,75.85,False,True,True,22.0,98.0,Burmese,MMK,Burmese kyat,+95,UTC+06:30,"BGD, CHN, IND, LAO, THA",5,🇲🇲,https://flagcdn.com/w320/mm.png,https://flagcdn.com/mm.svg,Asia,monday,right,30.7
South Korea,Republic of Korea,KR,KOR,Seoul,Asia,Eastern Asia,51159889,100210.0,510.53,False,True,True,37.0,127.5,Korean,KRW,South Korean won,+82,UTC+09:00,PRK,1,🇰🇷,https://flagcdn.com/w320/kr.png,https://flagcdn.com/kr.svg,Asia,monday,right,31.4
Spain,Kingdom of Spain,ES,ESP,Madrid,Europe,Southern Europe,49315949,505992.0,97.46,False,True,True,40.0,-4.0,"Spanish, Catalan, Basque, Galician",EUR,Euro,+34,"UTC, UTC+01:00","AND, FRA, GIB, PRT, MAR",5,🇪🇸,https://flagcdn.com/w320/es.png,https://flagcdn.com/es.svg,Europe,monday,right,34.7
Algeria,People's Democratic Republic of Algeria,DZ,DZA,Algiers,Africa,Northern Africa,47400000,2381741.0,19.9,False,True,True,28.0,3.0,Arabic,DZD,Algerian dinar,+213,UTC+01:00,"TUN, LBY, NER, ESH, MRT, MLI, MAR",7,🇩🇿,https://flagcdn.com/w320/dz.png,https://flagcdn.com/dz.svg,Africa,sunday,right,27.6
Argentina,Argentine Republic,AR,ARG,Buenos Aires,Americas,South America,46735004,2780400.0,16.81,False,True,True,-34.0,-64.0,"Guaraní, Spanish",ARS,Argentine peso,+54,UTC-03:00,"BOL, BRA, CHL, PRY, URY",5,🇦🇷,https://flagcdn.com/w320/ar.png,https://flagcdn.com/ar.svg,South America,monday,right,42.9
Iraq,Republic of Iraq,IQ,IRQ,Baghdad,Asia,Western Asia,46118793,438317.0,105.22,False,True,True,33.0,44.0,"Arabic, Aramaic, Sorani",IQD,Iraqi dinar,+964,UTC+03:00,"IRN, JOR, KWT, SAU, SYR, TUR",6,🇮🇶,https://flagcdn.com/w320/iq.png,https://flagcdn.com/iq.svg,Asia,sunday,right,29.5
Uganda,Republic of Uganda,UG,UGA,Kampala,Africa,Eastern Africa,45905417,241550.0,190.05,True,True,True,1.0,32.0,"English, Swahili",UGX,Ugandan shilling,+256,UTC+03:00,"COD, KEN, RWA, SSD, TZA",5,🇺🇬,https://flagcdn.com/w320/ug.png,https://flagcdn.com/ug.svg,Africa,monday,left,42.8
Afghanistan,Islamic Republic of Afghanistan,AF,AFG,Kabul,Asia,Southern Asia,43844000,652230.0,67.22,True,True,True,33.0,65.0,"Dari, Pashto, Turkmen",AFN,Afghan afghani,+93,UTC+04:30,"IRN, PAK, TKM, UZB, TJK, CHN",6,🇦🇫,https://upload.wikimedia.org/wikipedia/commons/thumb/5/5c/Flag_of_the_Taliban.svg/320px-Flag_of_the_Taliban.svg.png,https://upload.wikimedia.org/wikipedia/commons/5/5c/Flag_of_the_Taliban.svg,Asia,monday,right,
Canada,Canada,CA,CAN,Ottawa,Americas,North America,41651653,9984670.0,4.17,False,True,True,60.0,-95.0,"English, French",CAD,Canadian dollar,+1,"UTC-08:00, UTC-07:00, UTC-06:00, UTC-05:00, UTC-04:00, UTC-03:30",USA,1,🇨🇦,https://flagcdn.com/w320/ca.png,https://flagcdn.com/ca.svg,North America,sunday,right,33.3
Uzbekistan,Republic of Uzbekistan,UZ,UZB,Tashkent,Asia,Central Asia,37859698,447400.0,84.62,True,True,True,41.0,64.0,"Russian, Uzbek",UZS,Uzbekistani soʻm,+998,UTC+05:00,"AFG, KAZ, KGZ, TJK, TKM",5,🇺🇿,https://flagcdn.com/w320/uz.png,https://flagcdn.com/uz.svg,Asia,monday,right,35.3
Poland,Republic of Poland,PL,POL,Warsaw,Europe,Central Europe,37392000,312679.0,119.59,False,True,True,52.0,20.0,Polish,PLN,Polish złoty,+48,UTC+01:00,"BLR, CZE, DEU, LTU, RUS, SVK, UKR",7,🇵🇱,https://flagcdn.com/w320/pl.png,https://flagcdn.com/pl.svg,Europe,monday,right,30.2
Morocco,Kingdom of Morocco,MA,MAR,Rabat,Africa,Northern Africa,36828330,446550.0,82.47,False,True,True,32.0,-5.0,"Arabic, Berber",MAD,Moroccan dirham,+212,UTC,"DZA, ESH, ESP",3,🇲🇦,https://flagcdn.com/w320/ma.png,https://flagcdn.com/ma.svg,Africa,monday,right,39.5
Angola,Republic of Angola,AO,AGO,Luanda,Africa,Middle Africa,36170961,1246700.0,29.01,False,True,True,-12.5,18.5,Portuguese,AOA,Angolan kwanza,+244,UTC+01:00,"COG, COD, ZMB, NAM",4,🇦🇴,https://flagcdn.com/w320/ao.png,https://flagcdn.com/ao.svg,Africa,monday,right,51.3
Saudi Arabia,Kingdom of Saudi Arabia,SA,SAU,Riyadh,Asia,Western Asia,35300280,2149690.0,16.42,False,True,True,25.0,45.0,Arabic,SAR,Saudi riyal,+966,UTC+03:00,"IRQ, JOR, KWT, OMN, QAT, ARE, YEM",7,🇸🇦,https://flagcdn.com/w320/sa.png,https://flagcdn.com/sa.svg,Asia,sunday,right,
Peru,Republic of Peru,PE,PER,Lima,Americas,South America,34350244,1285216.0,26.73,False,True,True,-10.0,-76.0,"Aymara, Quechua, Spanish",PEN,Peruvian sol,+51,UTC-05:00,"BOL, BRA, CHL, COL, ECU",5,🇵🇪,https://flagcdn.com/w320/pe.png,https://flagcdn.com/pe.svg,South America,monday,right,41.5
Malaysia,Malaysia,MY,MYS,Kuala Lumpur,Asia,South-Eastern Asia,34231700,330803.0,103.48,False,True,True,2.5,112.5,"English, Malay",MYR,Malaysian ringgit,+60,UTC+08:00,"BRN, IDN, THA",3,🇲🇾,https://flagcdn.com/w320/my.png,https://flagcdn.com/my.svg,Asia,sunday,left,41.1
Mozambique,Republic of Mozambique,MZ,MOZ,Maputo,Africa,Eastern Africa,34090466,801590.0,42.53,False,True,True,-18.25,35.0,Portuguese,MZN,Mozambican metical,+258,UTC+02:00,"MWI, ZAF, SWZ, TZA, ZMB, ZWE",6,🇲🇿,https://flagcdn.com/w320/mz.png,https://flagcdn.com/mz.svg,Africa,monday,left,54.0
Ghana,Republic of Ghana,GH,GHA,Accra,Africa,Western Africa,33742380,238533.0,141.46,False,True,True,8.0,-2.0,English,GHS,Ghanaian cedi,+233,UTC,"BFA, CIV, TGO",3,🇬🇭,https://flagcdn.com/w320/gh.png,https://flagcdn.com/gh.svg,Africa,monday,right,43.5
Ukraine,Ukraine,UA,UKR,Kyiv,Europe,Eastern Europe,32862000,603550.0,54.45,False,True,True,49.0,32.0,Ukrainian,UAH,Ukrainian hryvnia,+380,UTC+02:00,"BLR, HUN, MDA, POL, ROU, RUS, SVK",7,🇺🇦,https://flagcdn.com/w320/ua.png,https://flagcdn.com/ua.svg,Europe,monday,right,26.6
Yemen,Republic of Yemen,YE,YEM,Sana'a,Asia,Western Asia,32684503,527968.0,61.91,False,True,True,15.0,48.0,Arabic,YER,Yemeni rial,+967,UTC+03:00,"OMN, SAU",2,🇾🇪,https://flagcdn.com/w320/ye.png,https://flagcdn.com/ye.svg,Asia,sunday,right,36.7
Madagascar,Republic of Madagascar,MG,MDG,Antananarivo,Africa,Eastern Africa,31727042,587041.0,54.05,False,True,True,-20.0,47.0,"French, Malagasy",MGA,Malagasy ariary,+261,UTC+03:00,,0,🇲🇬,https://flagcdn.com/w320/mg.png,https://flagcdn.com/mg.svg,Africa,monday,right,42.6
Ivory Coast,Republic of Côte d'Ivoire,CI,CIV,Yamoussoukro,Africa,Western Africa,31719275,322463.0,98.37,False,True,True,8.0,-5.0,French,XOF,West African CFA franc,+225,UTC,"BFA, GHA, GIN, LBR, MLI",5,🇨🇮,https://flagcdn.com/w320/ci.png,https://flagcdn.com/ci.svg,Africa,monday,right,41.5
Nepal,Federal Democratic Republic of Nepal,NP,NPL,Kathmandu,Asia,Southern Asia,29911840,147181.0,203.23,True,True,True,28.0,84.0,Nepali,NPR,Nepalese rupee,+977,UTC+05:45,"CHN, IND",2,🇳🇵,https://flagcdn.com/w320/np.png,https://flagcdn.com/np.svg,Asia,sunday,left,32.8
Cameroon,Republic of Cameroon,CM,CMR,Yaoundé,Africa,Middle Africa,29442327,475442.0,61.93,False,True,True,6.0,12.0,"English, French",XAF,Central African CFA franc,+237,UTC+01:00,"CAF, TCD, COG, GNQ, GAB, NGA",6,🇨🇲,https://flagcdn.com/w320/cm.png,https://flagcdn.com/cm.svg,Africa,monday,right,46.6
Venezuela,Bolivarian Republic of Venezuela,VE,VEN,Caracas,Americas,South America,28517000,916445.0,31.12,False,True,True,8.0,-66.0,Spanish,VES,Venezuelan bolívar soberano,+58,UTC-04:00,"BRA, COL, GUY",3,🇻🇪,https://flagcdn.com/w320/ve.png,https://flagcdn.com/ve.svg,South America,monday,right,44.8
Australia,Commonwealth of Australia,AU,AUS,Canberra,Oceania,Australia and New Zealand,27536874,7692024.0,3.58,False,True,True,-27.0,133.0,English,AUD,Australian dollar,+61,"UTC+05:00, UTC+06:30, UTC+07:00, UTC+08:00, UTC+09:30, UTC+10:00, UTC+10:30, UTC+11:30",,0,🇦🇺,https://flagcdn.com/w320/au.png,https://flagcdn.com/au.svg,Oceania,monday,left,34.4
Niger,Republic of Niger,NE,NER,Niamey,Africa,Western Africa,26312034,1267000.0,20.77,True,True,True,16.0,8.0,French,XOF,West African CFA franc,+227,UTC+01:00,"DZA, BEN, BFA, TCD, LBY, MLI, NGA",7,🇳🇪,https://flagcdn.com/w320/ne.png,https://flagcdn.com/ne.svg,Africa,monday,right,34.3
North Korea,Democratic People's Republic of Korea,KP,PRK,Pyongyang,Asia,Eastern Asia,25950000,120538.0,215.28,False,True,True,40.0,127.0,Korean,KPW,North Korean won,+850,UTC+09:00,"CHN, KOR, RUS",3,🇰🇵,https://flagcdn.com/w320/kp.png,https://flagcdn.com/kp.svg,Asia,monday,right,
Syria,Syrian Arab Republic,SY,SYR,Damascus,Asia,Western Asia,25620000,185180.0,138.35,False,True,True,35.0,38.0,Arabic,SYP,Syrian pound,+963,UTC+02:00,"IRQ, ISR, JOR, LBN, TUR",5,🇸🇾,https://flagcdn.com/w320/sy.png,https://flagcdn.com/sy.svg,Asia,monday,right,37.5
Burkina Faso,Burkina Faso,BF,BFA,Ouagadougou,Africa,Western Africa,24070553,272967.0,88.18,True,True,True,13.0,-2.0,French,XOF,West African CFA franc,+226,UTC,"BEN, CIV, GHA, MLI, NER, TGO",6,🇧🇫,https://flagcdn.com/w320/bf.png,https://flagcdn.com/bf.svg,Africa,monday,right,35.3
Taiwan,Republic of China (Taiwan),TW,TWN,Taipei,Asia,Eastern Asia,23317031,36197.0,644.17,False,False,False,23.5,121.0,Chinese,TWD,New Taiwan dollar,+886,UTC+08:00,,0,🇹🇼,https://flagcdn.com/w320/tw.png,https://flagcdn.com/tw.svg,Asia,monday,right,
Mali,Republic of Mali,ML,MLI,Bamako,Africa,Western Africa,22395489,1240192.0,18.06,True,True,True,17.0,-4.0,French,XOF,West African CFA franc,+223,UTC,"DZA, BFA, GIN, CIV, MRT, NER, SEN",7,🇲🇱,https://flagcdn.com/w320/ml.png,https://flagcdn.com/ml.svg,Africa,monday,right,33.0
Sri Lanka,Democratic Socialist Republic of Sri Lanka,LK,LKA,Sri Jayawardenepura Kotte,Asia,Southern Asia,21763170,65610.0,331.71,False,True,True,7.0,81.0,"Sinhala, Tamil",LKR,Sri Lankan rupee,+94,UTC+05:30,,0,🇱🇰,https://flagcdn.com/w320/lk.png,https://flagcdn.com/lk.svg,Asia,monday,left,39.3
Malawi,Republic of Malawi,MW,MWI,Lilongwe,Africa,Eastern Africa,20734262,118484.0,175.0,True,True,True,-13.5,34.0,"English, Chewa",MWK,Malawian kwacha,+265,UTC+02:00,"MOZ, TZA, ZMB",3,🇲🇼,https://flagcdn.com/w320/mw.png,https://flagcdn.com/mw.svg,Africa,monday,left,44.7
Kazakhstan,Republic of Kazakhstan,KZ,KAZ,Astana,Asia,Central Asia,20426568,2724900.0,7.5,True,True,True,48.0196,66.9237,"Kazakh, Russian",KZT,Kazakhstani tenge,+76,"UTC+05:00, UTC+06:00","CHN, KGZ, RUS, TKM, UZB",5,🇰🇿,https://flagcdn.com/w320/kz.png,https://flagcdn.com/kz.svg,Asia,monday,right,27.8
Chile,Republic of Chile,CL,CHL,Santiago,Americas,South America,20206953,756102.0,26.73,False,True,True,-30.0,-71.0,Spanish,CLP,Chilean peso,+56,"UTC-06:00, UTC-04:00","ARG, BOL, PER",3,🇨🇱,https://flagcdn.com/w320/cl.png,https://flagcdn.com/cl.svg,South America,monday,right,44.4
Zambia,Republic of Zambia,ZM,ZMB,Lusaka,Africa,Eastern Africa,19693423,752612.0,26.17,True,True,True,-15.0,30.0,English,ZMW,Zambian kwacha,+260,UTC+02:00,"AGO, BWA, COD, MWI, MOZ, NAM, TZA, ZWE",8,🇿🇲,https://flagcdn.com/w320/zm.png,https://flagcdn.com/zm.svg,Africa,monday,left,57.1
Somalia,Federal Republic of Somalia,SO,SOM,Mogadishu,Africa,Eastern Africa,19655000,637657.0,30.82,False,True,True,10.0,49.0,"Arabic, Somali",SOS,Somali shilling,+252,UTC+03:00,"DJI, ETH, KEN",3,🇸🇴,https://flagcdn.com/w320/so.png,https://flagcdn.com/so.svg,Africa,monday,right,36.8
Chad,Republic of Chad,TD,TCD,N'Djamena,Africa,Middle Africa,19340757,1284000.0,15.06,True,True,True,15.0,19.0,"Arabic, French",XAF,Central African CFA franc,+235,UTC+01:00,"CMR, CAF, LBY, NER, NGA, SDN",6,🇹🇩,https://flagcdn.com/w320/td.png,https://flagcdn.com/td.svg,Africa,monday,right,43.3
Romania,Romania,RO,ROU,Bucharest,Europe,Southeast Europe,19036031,238391.0,79.85,False,True,True,46.0,25.0,Romanian,RON,Romanian leu,+40,UTC+02:00,"BGR, HUN, MDA, SRB, UKR",5,🇷🇴,https://flagcdn.com/w320/ro.png,https://flagcdn.com/ro.svg,Europe,monday,right,35.8
Senegal,Republic of Senegal,SN,SEN,Dakar,Africa,Western Africa,18593258,196722.0,94.52,False,True,True,14.0,-14.0,French,XOF,West African CFA franc,+221,UTC,"GMB, GIN, GNB, MLI, MRT",5,🇸🇳,https://flagcdn.com/w320/sn.png,https://flagcdn.com/sn.svg,Africa,monday,right,40.3
Ecuador,Republic of Ecuador,EC,ECU,Quito,Americas,South America,18103660,276841.0,65.39,False,True,True,-2.0,-77.5,Spanish,USD,United States dollar,+593,"UTC-06:00, UTC-05:00","COL, PER",2,🇪🇨,https://flagcdn.com/w320/ec.png,https://flagcdn.com/ec.svg,South America,monday,right,45.7
Netherlands,Kingdom of the Netherlands,NL,NLD,Amsterdam,Europe,Western Europe,18100436,41865.0,432.35,False,True,True,52.5,5.75,Dutch,EUR,Euro,+31,UTC+01:00,"BEL, DEU",2,🇳🇱,https://flagcdn.com/w320/nl.png,https://flagcdn.com/nl.svg,Europe,monday,right,28.1
Guatemala,Republic of Guatemala,GT,GTM,Guatemala City,Americas,Central America,18079810,108889.0,166.04,False,True,True,15.5,-90.25,Spanish,GTQ,Guatemalan quetzal,+502,UTC-06:00,"BLZ, SLV, HND, MEX",4,🇬🇹,https://flagcdn.com/w320/gt.png,https://flagcdn.com/gt.svg,North America,monday,right,48.3
Cambodia,Kingdom of Cambodia,KH,KHM,Phnom Penh,Asia,South-Eastern Asia,17577760,181035.0,97.1,False,True,True,13.0,105.0,Khmer,"KHR, USD","Cambodian riel, United States dollar",+855,UTC+07:00,"LAO, THA, VNM",3,🇰🇭,https://flagcdn.com/w320/kh.png,https://flagcdn.com/kh.svg,Asia,monday,right,
Zimbabwe,Republic of Zimbabwe,ZW,ZWE,Harare,Africa,Southern Africa,17073087,390757.0,43.69,True,True,True,-20.0,30.0,"Chibarwe, English, Kalanga, Khoisan, Ndau, Northern Ndebele, Chewa, Shona, Sotho, Tonga, Tswana, Tsonga, Venda, Xhosa, Zimbabwean Sign Language",ZWL,Zimbabwean dollar,+263,UTC+02:00,"BWA, MOZ, ZAF, ZMB",4,🇿🇼,https://flagcdn.com/w320/zw.png,https://flagcdn.com/zw.svg,Africa,monday,left,50.3
South Sudan,Republic of South Sudan,SS,SSD,Juba,Africa,Middle Africa,15786898,619745.0,25.47,True,True,True,7.0,30.0,English,SSP,South Sudanese pound,+211,UTC+03:00,"CAF, COD, ETH, KEN, SDN, UGA",6,🇸🇸,https://flagcdn.com/w320/ss.png,https://flagcdn.com/ss.svg,Africa,sunday,right,44.1
Guinea,Republic of Guinea,GN,GIN,Conakry,Africa,Western Africa,14363931,245857.0,58.42,False,True,True,11.0,-10.0,French,GNF,Guinean franc,+224,UTC,"CIV, GNB, LBR, MLI, SEN, SLE",6,🇬🇳,https://flagcdn.com/w320/gn.png,https://flagcdn.com/gn.svg,Africa,monday,right,33.7
Rwanda,Republic of Rwanda,RW,RWA,Kigali,Africa,Eastern Africa,14104969,26338.0,535.54,True,True,True,-2.0,30.0,"English, French, Kinyarwanda",RWF,Rwandan franc,+250,UTC+02:00,"BDI, COD, TZA, UGA",4,🇷🇼,https://flagcdn.com/w320/rw.png,https://flagcdn.com/rw.svg,Africa,monday,right,43.7
Benin,Republic of Benin,BJ,BEN,Porto-Novo,Africa,Western Africa,13224860,112622.0,117.43,False,True,True,9.5,2.25,French,XOF,West African CFA franc,+229,UTC+01:00,"BFA, NER, NGA, TGO",4,🇧🇯,https://flagcdn.com/w320/bj.png,https://flagcdn.com/bj.svg,Africa,monday,right,47.8
Burundi,Republic of Burundi,BI,BDI,Gitega,Africa,Eastern Africa,12332788,27834.0,443.08,True,True,True,-3.5,30.0,"French, Kirundi",BIF,Burundian franc,+257,UTC+02:00,"COD, RWA, TZA",3,🇧🇮,https://flagcdn.com/w320/bi.png,https://flagcdn.com/bi.svg,Africa,monday,right,38.6
Tunisia,Tunisian Republic,TN,TUN,Tunis,Africa,Northern Africa,11972169,163610.0,73.18,False,True,True,34.0,9.0,Arabic,TND,Tunisian dinar,+216,UTC+01:00,"DZA, LBY",2,🇹🇳,https://flagcdn.com/w320/tn.png,https://flagcdn.com/tn.svg,Africa,monday,right,32.8
Haiti,Republic of Haiti,HT,HTI,Port-au-Prince,Americas,Caribbean,11867032,27750.0,427.64,False,True,True,19.0,-72.41666666,"French, Haitian Creole",HTG,Haitian gourde,+509,UTC-05:00,DOM,1,🇭🇹,https://flagcdn.com/w320/ht.png,https://flagcdn.com/ht.svg,North America,monday,right,41.1
Belgium,Kingdom of Belgium,BE,BEL,Brussels,Europe,Western Europe,11825551,30528.0,387.37,False,True,True,50.83333333,4.0,"German, French, Dutch",EUR,Euro,+32,UTC+01:00,"FRA, DEU, LUX, NLD",4,🇧🇪,https://flagcdn.com/w320/be.png,https://flagcdn.com/be.svg,Europe,monday,right,27.2
Papua New Guinea,Independent State of Papua New Guinea,PG,PNG,Port Moresby,Oceania,Melanesia,11781559,462840.0,25.45,False,True,True,-6.0,147.0,"English, Hiri Motu, Tok Pisin",PGK,Papua New Guinean kina,+675,UTC+10:00,IDN,1,🇵🇬,https://flagcdn.com/w320/pg.png,https://flagcdn.com/pg.svg,Oceania,monday,left,41.9
Jordan,Hashemite Kingdom of Jordan,JO,JOR,Amman,Asia,Western Asia,11734000,89342.0,131.34,False,True,True,31.0,36.0,Arabic,JOD,Jordanian dinar,+962,UTC+03:00,"IRQ, ISR, PSE, SAU, SYR",5,🇯🇴,https://flagcdn.com/w320/jo.png,https://flagcdn.com/jo.svg,Asia,sunday,right,33.7
Bolivia,Plurinational State of Bolivia,BO,BOL,Sucre,Americas,South America,11365333,1098581.0,10.35,True,True,True,-17.0,-65.0,"Aymara, Guaraní, Quechua, Spanish",BOB,Bolivian boliviano,+591,UTC-04:00,"ARG, BRA, CHL, PRY, PER",5,🇧🇴,https://flagcdn.com/w320/bo.png,https://flagcdn.com/bo.svg,South America,monday,right,41.6
United Arab Emirates,United Arab Emirates,AE,ARE,Abu Dhabi,Asia,Western Asia,11294243,83600.0,135.1,False,True,True,24.0,54.0,Arabic,AED,United Arab Emirates dirham,+971,UTC+04:00,"OMN, SAU",2,🇦🇪,https://flagcdn.com/w320/ae.png,https://flagcdn.com/ae.svg,Asia,sunday,right,26.0
Czechia,Czech Republic,CZ,CZE,Prague,Europe,Central Europe,10882341,78865.0,137.99,True,True,True,49.75,15.5,"Czech, Slovak",CZK,Czech koruna,+420,UTC+01:00,"AUT, DEU, POL, SVK",4,🇨🇿,https://flagcdn.com/w320/cz.png,https://flagcdn.com/cz.svg,Europe,monday,right,25.0
Dominican Republic,Dominican Republic,DO,DOM,Santo Domingo,Americas,Caribbean,10771504,48671.0,221.31,False,True,True,19.0,-70.66666666,Spanish,DOP,Dominican peso,+1809,UTC-04:00,HTI,1,🇩🇴,https://flagcdn.com/w320/do.png,https://flagcdn.com/do.svg,North America,monday,right,41.9
Portugal,Portuguese Republic,PT,PRT,Lisbon,Europe,Southern Europe,10749635,92090.0,116.73,False,True,True,39.5,-8.0,Portuguese,EUR,Euro,+351,"UTC-01:00, UTC",ESP,1,🇵🇹,https://flagcdn.com/w320/pt.png,https://flagcdn.com/pt.svg,Europe,monday,right,33.5
Sweden,Kingdom of Sweden,SE,SWE,Stockholm,Europe,Northern Europe,10605098,450295.0,23.55,False,True,True,62.0,15.0,Swedish,SEK,Swedish krona,+46,UTC+01:00,"FIN, NOR",2,🇸🇪,https://flagcdn.com/w320/se.png,https://flagcdn.com/se.svg,Europe,monday,right,30.0
Tajikistan,Republic of Tajikistan,TJ,TJK,Dushanbe,Asia,Central Asia,10499000,143100.0,73.37,True,True,True,39.0,71.0,"Russian, Tajik",TJS,Tajikistani somoni,+992,UTC+05:00,"AFG, CHN, KGZ, UZB",4,🇹🇯,https://flagcdn.com/w320/tj.png,https://flagcdn.com/tj.svg,Asia,monday,right,34.0
Greece,Hellenic Republic,GR,GRC,Athens,Europe,Southern Europe,10400720,131990.0,78.8,False,True,True,39.0,22.0,Greek,EUR,Euro,+30,UTC+02:00,"ALB, BGR, TUR, MKD",4,🇬🇷,https://flagcdn.com/w320/gr.png,https://flagcdn.com/gr.svg,Europe,monday,right,32.9
Azerbaijan,Republic of Azerbaijan,AZ,AZE,Baku,Asia,Western Asia,10241722,86600.0,118.26,True,True,True,40.5,47.5,Azerbaijani,AZN,Azerbaijani manat,+994,UTC+04:00,"ARM, GEO, IRN, RUS, TUR",5,🇦🇿,https://flagcdn.com/w320/az.png,https://flagcdn.com/az.svg,"Europe, Asia",monday,right,26.6
Israel,State of Israel,IL,ISR,Jerusalem,Asia,Western Asia,10134800,21937.0,462.0,False,True,True,31.47,35.13,"Arabic, Hebrew",ILS,Israeli new shekel,+972,UTC+02:00,"EGY, JOR, LBN, PSE, SYR",5,🇮🇱,https://flagcdn.com/w320/il.png,https://flagcdn.com/il.svg,Asia,sunday,right,39.0
Honduras,Republic of Honduras,HN,HND,Tegucigalpa,Americas,Central America,9892632,112492.0,87.94,False,True,True,15.0,-86.5,Spanish,HNL,Honduran lempira,+504,UTC-06:00,"GTM, SLV, NIC",3,🇭🇳,https://flagcdn.com/w320/hn.png,https://flagcdn.com/hn.svg,North America,monday,right,48.2
Cuba,Republic of Cuba,CU,CUB,Havana,Americas,Caribbean,9748007,109884.0,88.71,False,True,True,21.5,-80.0,Spanish,"CUC, CUP","Cuban convertible peso, Cuban peso",+53,UTC-05:00,,0,🇨🇺,https://flagcdn.com/w320/cu.png,https://flagcdn.com/cu.svg,North America,monday,right,
Hungary,Hungary,HU,HUN,Budapest,Europe,Central Europe,9539502,93028.0,102.54,True,True,True,47.0,20.0,Hungarian,HUF,Hungarian forint,+36,UTC+01:00,"AUT, HRV, ROU, SRB, SVK, SVN, UKR",7,🇭🇺,https://flagcdn.com/w320/hu.png,https://flagcdn.com/hu.svg,Europe,monday,right,29.6
Austria,Republic of Austria,AT,AUT,Vienna,Europe,Central Europe,9200931,83871.0,109.7,True,True,True,47.33333333,13.33333333,German,EUR,Euro,+43,UTC+01:00,"CZE, DEU, HUN, ITA, LIE, SVK, SVN, CHE",8,🇦🇹,https://flagcdn.com/w320/at.png,https://flagcdn.com/at.svg,Europe,monday,right,30.8
Belarus,Republic of Belarus,BY,BLR,Minsk,Europe,Eastern Europe,9109280,207600.0,43.88,True,True,True,53.0,28.0,"Belarusian, Russian",BYN,Belarusian ruble,+375,UTC+03:00,"LVA, LTU, POL, RUS, UKR",5,🇧🇾,https://flagcdn.com/w320/by.png,https://flagcdn.com/by.svg,Europe,monday,right,25.3
Switzerland,Swiss Confederation,CH,CHE,Bern,Europe,Western Europe,9082848,41284.0,220.01,True,True,True,47.0,8.0,"French, Swiss German, Italian, Romansh",CHF,Swiss franc,+41,UTC+01:00,"AUT, FRA, ITA, LIE, DEU",5,🇨🇭,https://flagcdn.com/w320/ch.png,https://flagcdn.com/ch.svg,Europe,monday,right,33.1
Sierra Leone,Republic of Sierra Leone,SL,SLE,Freetown,Africa,Western Africa,9077691,71740.0,126.54,False,True,True,8.5,-11.5,English,SLE,Leone,+232,UTC,"GIN, LBR",2,🇸🇱,https://flagcdn.com/w320/sl.png,https://flagcdn.com/sl.svg,Africa,monday,right,35.7
Togo,Togolese Republic,TG,TGO,Lomé,Africa,Western Africa,8095498,56785.0,142.56,False,True,True,8.0,1.16666666,French,XOF,West African CFA franc,+228,UTC,"BEN, BFA, GHA",3,🇹🇬,https://flagcdn.com/w320/tg.png,https://flagcdn.com/tg.svg,Africa,monday,right,43.1
Laos,Lao People's Democratic Republic,LA,LAO,Vientiane,Asia,South-Eastern Asia,7647000,236800.0,32.29,True,True,True,18.0,105.0,Lao,LAK,Lao kip,+856,UTC+07:00,"MMR, KHM, CHN, THA, VNM",5,🇱🇦,https://flagcdn.com/w320/la.png,https://flagcdn.com/la.svg,Asia,monday,right,38.8
Hong Kong,Hong Kong Special Administrative Region of the People's Republic of China,HK,HKG,City of Victoria,Asia,Eastern Asia,7527500,1104.0,6818.39,False,False,False,22.267,114.188,"English, Chinese",HKD,Hong Kong dollar,+852,UTC+08:00,CHN,1,🇭🇰,https://flagcdn.com/w320/hk.png,https://flagcdn.com/hk.svg,Asia,monday,left,
Libya,State of Libya,LY,LBY,Tripoli,Africa,Northern Africa,7459000,1759540.0,4.24,False,True,True,25.0,17.0,Arabic,LYD,Libyan dinar,+218,UTC+01:00,"DZA, TCD, EGY, NER, SDN, TUN",6,🇱🇾,https://flagcdn.com/w320/ly.png,https://flagcdn.com/ly.svg,Africa,sunday,right,
Kyrgyzstan,Kyrgyz Republic,KG,KGZ,Bishkek,Asia,Central Asia,7281800,199951.0,36.42,True,True,True,41.0,75.0,"Kyrgyz, Russian",KGS,Kyrgyzstani som,+996,UTC+06:00,"CHN, KAZ, TJK, UZB",4,🇰🇬,https://flagcdn.com/w320/kg.png,https://flagcdn.com/kg.svg,Asia,monday,right,29.7
Turkmenistan,Turkmenistan,TM,TKM,Ashgabat,Asia,Central Asia,7057841,488100.0,14.46,True,True,True,40.0,60.0,"Russian, Turkmen",TMT,Turkmenistan manat,+993,UTC+05:00,"AFG, IRN, KAZ, UZB",4,🇹🇲,https://flagcdn.com/w320/tm.png,https://flagcdn.com/tm.svg,Asia,monday,right,40.8
Nicaragua,Republic of Nicaragua,NI,NIC,Managua,Americas,Central America,6803886,130373.0,52.19,False,True,True,13.0,-85.0,Spanish,NIO,Nicaraguan córdoba,+505,UTC-06:00,"CRI, HND",2,🇳🇮,https://flagcdn.com/w320/ni.png,https://flagcdn.com/ni.svg,North America,monday,right,46.2
Serbia,Republic of Serbia,RS,SRB,Belgrade,Europe,Southeast Europe,6567783,77589.0,84.65,True,True,True,44.0,21.0,Serbian,RSD,Serbian dinar,+381,UTC+01:00,"BIH, BGR, HRV, HUN, UNK, MKD, MNE, ROU",8,🇷🇸,https://flagcdn.com/w320/rs.png,https://flagcdn.com/rs.svg,Europe,monday,right,36.2
Central African Republic,Central African Republic,CF,CAF,Bangui,Africa,Middle Africa,6470307,622984.0,10.39,True,True,True,7.0,21.0,"French, Sango",XAF,Central African CFA franc,+236,UTC+01:00,"CMR, TCD, COD, COG, SSD, SDN",6,🇨🇫,https://flagcdn.com/w320/cf.png,https://flagcdn.com/cf.svg,Africa,monday,right,56.2
Bulgaria,Republic of Bulgaria,BG,BGR,Sofia,Europe,Southeast Europe,6437360,110879.0,58.06,False,True,True,43.0,25.0,Bulgarian,BGN,Bulgarian lev,+359,UTC+02:00,"GRC, MKD, ROU, SRB, TUR",5,🇧🇬,https://flagcdn.com/w320/bg.png,https://flagcdn.com/bg.svg,Europe,monday,right,41.3
Republic of the Congo,Republic of the Congo,CG,COG,Brazzaville,Africa,Middle Africa,6142180,342000.0,17.96,False,True,True,-1.0,15.0,"French, Kikongo, Lingala",XAF,Central African CFA franc,+242,UTC+01:00,"AGO, CMR, CAF, COD, GAB",5,🇨🇬,https://flagcdn.com/w320/cg.png,https://flagcdn.com/cg.svg,Africa,monday,right,48.9
Singapore,Republic of Singapore,SG,SGP,Singapore,Asia,South-Eastern Asia,6110200,710.0,8605.92,False,True,True,1.36666666,103.8,"English, Chinese, Malay, Tamil",SGD,Singapore dollar,+65,UTC+08:00,,0,🇸🇬,https://flagcdn.com/w320/sg.png,https://flagcdn.com/sg.svg,Asia,monday,left,
Paraguay,Republic of Paraguay,PY,PRY,Asunción,Americas,South America,6109644,406752.0,15.02,True,True,True,-23.0,-58.0,"Guaraní, Spanish",PYG,Paraguayan guaraní,+595,UTC-04:00,"ARG, BOL, BRA",3,🇵🇾,https://flagcdn.com/w320/py.png,https://flagcdn.com/py.svg,South America,monday,right,45.7
El Salvador,Republic of El Salvador,SV,SLV,San Salvador,Americas,Central America,6029976,21041.0,286.58,False,True,True,13.83333333,-88.91666666,Spanish,USD,United States dollar,+503,UTC-06:00,"GTM, HND",2,🇸🇻,https://flagcdn.com/w320/sv.png,https://flagcdn.com/sv.svg,North America,monday,right,38.8
Denmark,Kingdom of Denmark,DK,DNK,Copenhagen,Europe,Northern Europe,6011488,43094.0,139.5,False,True,True,56.0,10.0,Danish,DKK,Danish krone,+45,"UTC-04:00, UTC-03:00, UTC-01:00, UTC, UTC+01:00",DEU,1,🇩🇰,https://flagcdn.com/w320/dk.png,https://flagcdn.com/dk.svg,Europe,monday,right,28.2
Finland,Republic of Finland,FI,FIN,Helsinki,Europe,Northern Europe,5650325,338455.0,16.69,False,True,True,64.0,26.0,"Finnish, Swedish",EUR,Euro,+358,UTC+02:00,"NOR, SWE, RUS",3,🇫🇮,https://flagcdn.com/w320/fi.png,https://flagcdn.com/fi.svg,Europe,monday,right,27.3
Norway,Kingdom of Norway,NO,NOR,Oslo,Europe,Northern Europe,5606944,386224.0,14.52,False,True,True,62.0,10.0,"Norwegian Nynorsk, Norwegian Bokmål, Sami",NOK,Norwegian krone,+47,UTC+01:00,"FIN, SWE, RUS",3,🇳🇴,https://flagcdn.com/w320/no.png,https://flagcdn.com/no.svg,Europe,monday,right,27.6
Lebanon,Lebanese Republic,LB,LBN,Beirut,Asia,Western Asia,5490000,10452.0,525.26,False,True,True,33.83333333,35.83333333,"Arabic, French",LBP,Lebanese pound,+961,UTC+02:00,"ISR, SYR",2,🇱🇧,https://flagcdn.com/w320/lb.png,https://flagcdn.com/lb.svg,Asia,monday,right,31.8
Palestine,State of Palestine,PS,PSE,"Ramallah, Jerusalem",Asia,Western Asia,5483450,6220.0,881.58,False,False,False,31.9,35.2,Arabic,"EGP, ILS, JOD","Egyptian pound, Israeli new shekel, Jordanian dinar",+970,UTC+02:00,"ISR, EGY, JOR",3,🇵🇸,https://flagcdn.com/w320/ps.png,https://flagcdn.com/ps.svg,Asia,sunday,right,33.7
Ireland,Republic of Ireland,IE,IRL,Dublin,Europe,Northern Europe,5458600,70273.0,77.68,False,True,True,53.0,-8.0,"English, Irish",EUR,Euro,+353,UTC,GBR,1,🇮🇪,https://flagcdn.com/w320/ie.png,https://flagcdn.com/ie.svg,Europe,monday,left,31.4
Slovakia,Slovak Republic,SK,SVK,Bratislava,Europe,Central Europe,5413813,49037.0,110.4,True,True,True,48.66666666,19.5,Slovak,EUR,Euro,+421,UTC+01:00,"AUT, CZE, HUN, POL, UKR",5,🇸🇰,https://flagcdn.com/w320/sk.png,https://flagcdn.com/sk.svg,Europe,monday,right,25.0
Oman,Sultanate of Oman,OM,OMN,Muscat,Asia,Western Asia,5343630,309500.0,17.27,False,True,True,21.0,57.0,Arabic,OMR,Omani rial,+968,UTC+04:00,"SAU, ARE, YEM",3,🇴🇲,https://flagcdn.com/w320/om.png,https://flagcdn.com/om.svg,Asia,sunday,right,
New Zealand,New Zealand,NZ,NZL,Wellington,Oceania,Australia and New Zealand,5324700,268838.0,19.81,False,True,True,-41.0,174.0,"English, MÄori, New Zealand Sign Language",NZD,New Zealand dollar,+64,"UTC-11:00, UTC-10:00, UTC+12:00, UTC+12:45, UTC+13:00",,0,ğŸ‡³ğŸ‡¿,https://flagcdn.com/w320/nz.png,https://flagcdn.com/nz.svg,Oceania,monday,left,
Costa Rica,Republic of Costa Rica,CR,CRI,San José,Americas,Central America,5309625,51100.0,103.91,False,True,True,10.0,-84.0,Spanish,CRC,Costa Rican colón,+506,UTC-06:00,"NIC, PAN",2,🇨🇷,https://flagcdn.com/w320/cr.png,https://flagcdn.com/cr.svg,North America,monday,right,48.2
Liberia,Republic of Liberia,LR,LBR,Monrovia,Africa,Western Africa,5248621,111369.0,47.13,False,True,True,6.5,-9.5,English,LRD,Liberian dollar,+231,UTC,"GIN, CIV, SLE",3,🇱🇷,https://flagcdn.com/w320/lr.png,https://flagcdn.com/lr.svg,Africa,monday,right,35.3
Mauritania,Islamic Republic of Mauritania,MR,MRT,Nouakchott,Africa,Western Africa,4927532,1030700.0,4.78,False,True,True,20.0,-12.0,Arabic,MRU,Mauritanian ouguiya,+222,UTC,"DZA, MLI, SEN, ESH",4,🇲🇷,https://flagcdn.com/w320/mr.png,https://flagcdn.com/mr.svg,Africa,monday,right,32.6
Kuwait,State of Kuwait,KW,KWT,Kuwait City,Asia,Western Asia,4881254,17818.0,273.95,False,True,True,29.5,45.75,Arabic,KWD,Kuwaiti dinar,+965,UTC+03:00,"IRQ, SAU",2,🇰🇼,https://flagcdn.com/w320/kw.png,https://flagcdn.com/kw.svg,Asia,sunday,right,
Panama,Republic of Panama,PA,PAN,Panama City,Americas,Central America,4064780,75417.0,53.9,False,True,True,9.0,-80.0,Spanish,"PAB, USD","Panamanian balboa, United States dollar",+507,UTC-05:00,"COL, CRI",2,🇵🇦,https://flagcdn.com/w320/pa.png,https://flagcdn.com/pa.svg,North America,monday,right,49.8
Georgia,Georgia,GE,GEO,Tbilisi,Asia,Western Asia,4000921,69700.0,57.4,False,True,True,42.0,43.5,Georgian,GEL,lari,+995,UTC+04:00,"ARM, AZE, RUS, TUR",4,🇬🇪,https://flagcdn.com/w320/ge.png,https://flagcdn.com/ge.svg,Asia,monday,right,35.9
Croatia,Republic of Croatia,HR,HRV,Zagreb,Europe,Southeast Europe,3866233,56594.0,68.32,False,True,True,45.16666666,15.5,Croatian,EUR,Euro,+385,UTC+01:00,"BIH, HUN, MNE, SRB, SVN",5,🇭🇷,https://flagcdn.com/w320/hr.png,https://flagcdn.com/hr.svg,Europe,monday,right,29.7
Eritrea,State of Eritrea,ER,ERI,Asmara,Africa,Eastern Africa,3607000,117600.0,30.67,False,True,True,15.0,39.0,"Arabic, English, Tigrinya",ERN,Eritrean nakfa,+291,UTC+03:00,"DJI, ETH, SDN",3,🇪🇷,https://flagcdn.com/w320/er.png,https://flagcdn.com/er.svg,Africa,monday,right,
Mongolia,Mongolia,MN,MNG,Ulan Bator,Asia,Eastern Asia,3544835,1564110.0,2.27,True,True,True,46.0,105.0,Mongolian,MNT,Mongolian tögrög,+976,"UTC+07:00, UTC+08:00","CHN, RUS",2,🇲🇳,https://flagcdn.com/w320/mn.png,https://flagcdn.com/mn.svg,Asia,monday,right,32.7
Uruguay,Oriental Republic of Uruguay,UY,URY,Montevideo,Americas,South America,3499451,181034.0,19.33,False,True,True,-33.0,-56.0,Spanish,UYU,Uruguayan peso,+598,UTC-03:00,"ARG, BRA",2,🇺🇾,https://flagcdn.com/w320/uy.png,https://flagcdn.com/uy.svg,South America,monday,right,39.7
Bosnia and Herzegovina,Bosnia and Herzegovina,BA,BIH,Sarajevo,Europe,Southeast Europe,3422000,51209.0,66.82,False,True,True,44.0,18.0,"Bosnian, Croatian, Serbian",BAM,Bosnia and Herzegovina convertible mark,+387,UTC+01:00,"HRV, MNE, SRB",3,🇧🇦,https://flagcdn.com/w320/ba.png,https://flagcdn.com/ba.svg,Europe,monday,right,33.0
Puerto Rico,Commonwealth of Puerto Rico,PR,PRI,San Juan,Americas,Caribbean,3203295,8870.0,361.14,False,False,False,18.25,-66.5,"English, Spanish",USD,United States dollar,+1787,UTC-04:00,,0,🇵🇷,https://flagcdn.com/w320/pr.png,https://flagcdn.com/pr.svg,North America,monday,right,
Qatar,State of Qatar,QA,QAT,Doha,Asia,Western Asia,3173024,11586.0,273.87,False,True,True,25.5,51.25,Arabic,QAR,Qatari riyal,+974,UTC+03:00,SAU,1,🇶🇦,https://flagcdn.com/w320/qa.png,https://flagcdn.com/qa.svg,Asia,sunday,right,
Armenia,Republic of Armenia,AM,ARM,Yerevan,Asia,Western Asia,3076200,29743.0,103.43,True,True,True,40.0,45.0,Armenian,AMD,Armenian dram,+374,UTC+04:00,"AZE, GEO, IRN, TUR",4,🇦🇲,https://flagcdn.com/w320/am.png,https://flagcdn.com/am.svg,Asia,monday,right,29.9
Namibia,Republic of Namibia,NA,NAM,Windhoek,Africa,Southern Africa,3022401,825615.0,3.66,False,True,True,-22.0,17.0,"Afrikaans, German, English, Herero, Khoekhoe, Kwangali, Lozi, Ndonga, Tswana","NAD, ZAR","Namibian dollar, South African rand",+264,UTC+01:00,"AGO, BWA, ZAF, ZMB",4,🇳🇦,https://flagcdn.com/w320/na.png,https://flagcdn.com/na.svg,Africa,monday,left,59.1
Lithuania,Republic of Lithuania,LT,LTU,Vilnius,Europe,Northern Europe,2894886,65300.0,44.33,False,True,True,56.0,24.0,Lithuanian,EUR,Euro,+370,UTC+02:00,"BLR, LVA, POL, RUS",4,🇱🇹,https://flagcdn.com/w320/lt.png,https://flagcdn.com/lt.svg,Europe,monday,right,35.7
Jamaica,Jamaica,JM,JAM,Kingston,Americas,Caribbean,2825544,10991.0,257.08,False,True,True,18.25,-77.5,"English, Jamaican Patois",JMD,Jamaican dollar,+1876,UTC-05:00,,0,🇯🇲,https://flagcdn.com/w320/jm.png,https://flagcdn.com/jm.svg,North America,monday,left,45.5
Moldova,Republic of Moldova,MD,MDA,Chișinău,Europe,Eastern Europe,2749076,33847.0,81.22,True,True,True,47.0,29.0,Romanian,MDL,Moldovan leu,+373,UTC+02:00,"ROU, UKR",2,🇲🇩,https://flagcdn.com/w320/md.png,https://flagcdn.com/md.svg,Europe,monday,right,25.7
Gabon,Gabonese Republic,GA,GAB,Libreville,Africa,Middle Africa,2469296,267668.0,9.23,False,True,True,-1.0,11.75,French,XAF,Central African CFA franc,+241,UTC+01:00,"CMR, COG, GNQ",3,🇬🇦,https://flagcdn.com/w320/ga.png,https://flagcdn.com/ga.svg,Africa,monday,right,38.0
Gambia,Republic of the Gambia,GM,GMB,Banjul,Africa,Western Africa,2422712,10689.0,226.65,False,True,True,13.46666666,-16.56666666,English,GMD,dalasi,+220,UTC+00:00,SEN,1,🇬🇲,https://flagcdn.com/w320/gm.png,https://flagcdn.com/gm.svg,Africa,monday,right,35.9
Albania,Republic of Albania,AL,ALB,Tirana,Europe,Southeast Europe,2363314,28748.0,82.21,False,True,True,41.0,20.0,Albanian,ALL,Albanian lek,+355,UTC+01:00,"MNE, GRC, MKD, UNK",4,🇦🇱,https://flagcdn.com/w320/al.png,https://flagcdn.com/al.svg,Europe,monday,right,33.2
Botswana,Republic of Botswana,BW,BWA,Gaborone,Africa,Southern Africa,2359609,582000.0,4.05,True,True,True,-22.0,24.0,"English, Tswana",BWP,Botswana pula,+267,UTC+02:00,"NAM, ZAF, ZMB, ZWE",4,🇧🇼,https://flagcdn.com/w320/bw.png,https://flagcdn.com/bw.svg,Africa,monday,left,53.3
Slovenia,Republic of Slovenia,SI,SVN,Ljubljana,Europe,Central Europe,2130638,20273.0,105.1,False,True,True,46.11666666,14.81666666,Slovene,EUR,Euro,+386,UTC+01:00,"AUT, HRV, ITA, HUN",4,🇸🇮,https://flagcdn.com/w320/si.png,https://flagcdn.com/si.svg,Europe,monday,right,24.6
Lesotho,Kingdom of Lesotho,LS,LSO,Maseru,Africa,Southern Africa,2116427,30355.0,69.72,True,True,True,-29.5,28.5,"English, Sotho","LSL, ZAR","Lesotho loti, South African rand",+266,UTC+02:00,ZAF,1,🇱🇸,https://flagcdn.com/w320/ls.png,https://flagcdn.com/ls.svg,Africa,monday,left,44.9
Latvia,Republic of Latvia,LV,LVA,Riga,Europe,Northern Europe,1829000,64559.0,28.33,False,True,True,57.0,25.0,Latvian,EUR,Euro,+371,UTC+02:00,"BLR, EST, LTU, RUS",4,🇱🇻,https://flagcdn.com/w320/lv.png,https://flagcdn.com/lv.svg,Europe,monday,right,35.1
North Macedonia,Republic of North Macedonia,MK,MKD,Skopje,Europe,Southeast Europe,1822612,25713.0,70.88,True,True,True,41.83333333,22.0,Macedonian,MKD,denar,+389,UTC+01:00,"ALB, BGR, GRC, UNK, SRB",5,🇲🇰,https://flagcdn.com/w320/mk.png,https://flagcdn.com/mk.svg,Europe,monday,right,33.0
Guinea-Bissau,Republic of Guinea-Bissau,GW,GNB,Bissau,Africa,Western Africa,1781308,36125.0,49.31,False,True,False,12.0,-15.0,"Portuguese, Upper Guinea Creole",XOF,West African CFA franc,+245,UTC,"GIN, SEN",2,🇬🇼,https://flagcdn.com/w320/gw.png,https://flagcdn.com/gw.svg,Africa,monday,right,50.7
Equatorial Guinea,Republic of Equatorial Guinea,GQ,GNQ,Malabo,Africa,Middle Africa,1668768,28051.0,59.49,False,True,True,2.0,10.0,"French, Portuguese, Spanish",XAF,Central African CFA franc,+240,UTC+01:00,"CMR, GAB",2,🇬🇶,https://flagcdn.com/w320/gq.png,https://flagcdn.com/gq.svg,Africa,monday,right,
Bahrain,Kingdom of Bahrain,BH,BHR,Manama,Asia,Western Asia,1594654,765.0,2084.52,False,True,True,26.0,50.55,Arabic,BHD,Bahraini dinar,+973,UTC+03:00,,0,🇧🇭,https://flagcdn.com/w320/bh.png,https://flagcdn.com/bh.svg,Asia,monday,right,
Kosovo,Republic of Kosovo,XK,UNK,Pristina,Europe,Southeast Europe,1585566,10908.0,145.36,True,True,False,42.666667,21.166667,"Albanian, Serbian",EUR,Euro,+383,UTC+01:00,"ALB, MKD, MNE, SRB",4,🇽🇰,https://flagcdn.com/w320/xk.png,https://flagcdn.com/xk.svg,Europe,monday,right,29.0
Cyprus,Republic of Cyprus,CY,CYP,Nicosia,Europe,Southern Europe,1442614,9251.0,155.94,False,True,True,35.0,33.0,"Greek, Turkish",EUR,Euro,+357,UTC+02:00,,0,🇨🇾,https://flagcdn.com/w320/cy.png,https://flagcdn.com/cy.svg,Europe,monday,left,32.7
Timor-Leste,Democratic Republic of Timor-Leste,TL,TLS,Dili,Asia,South-Eastern Asia,1391221,14874.0,93.53,False,True,True,-8.83333333,125.91666666,"Portuguese, Tetum",USD,United States dollar,+670,UTC+09:00,IDN,1,🇹🇱,https://flagcdn.com/w320/tl.png,https://flagcdn.com/tl.svg,Oceania,monday,left,28.7
Estonia,Republic of Estonia,EE,EST,Tallinn,Europe,Northern Europe,1369995,45227.0,30.29,False,True,True,59.0,26.0,Estonian,EUR,Euro,+372,UTC+02:00,"LVA, RUS",2,🇪🇪,https://flagcdn.com/w320/ee.png,https://flagcdn.com/ee.svg,Europe,monday,right,30.3
Trinidad and Tobago,Republic of Trinidad and Tobago,TT,TTO,Port of Spain,Americas,Caribbean,1367764,5130.0,266.62,False,True,True,10.6918,-61.2225,English,TTD,Trinidad and Tobago dollar,+1868,UTC-04:00,,0,🇹🇹,https://flagcdn.com/w320/tt.png,https://flagcdn.com/tt.svg,North America,monday,left,40.3
Mauritius,Republic of Mauritius,MU,MUS,Port Louis,Africa,Eastern Africa,1243741,2040.0,609.68,False,True,True,-20.28333333,57.55,"English, French, Mauritian Creole",MUR,Mauritian rupee,+230,UTC+04:00,,0,🇲🇺,https://flagcdn.com/w320/mu.png,https://flagcdn.com/mu.svg,Africa,monday,left,36.8
Eswatini,Kingdom of Eswatini,SZ,SWZ,Mbabane,Africa,Southern Africa,1235549,17364.0,71.16,True,True,True,-26.5,31.5,"English, Swazi","SZL, ZAR","Swazi lilangeni, South African rand",+268,UTC+02:00,"MOZ, ZAF",2,🇸🇿,https://flagcdn.com/w320/sz.png,https://flagcdn.com/sz.svg,Africa,monday,left,54.6
Djibouti,Republic of Djibouti,DJ,DJI,Djibouti,Africa,Eastern Africa,1066809,23200.0,45.98,False,True,True,11.5,43.0,"Arabic, French",DJF,Djiboutian franc,+253,UTC+03:00,"ERI, ETH, SOM",3,🇩🇯,https://flagcdn.com/w320/dj.png,https://flagcdn.com/dj.svg,Africa,monday,right,41.6
Comoros,Union of the Comoros,KM,COM,Moroni,Africa,Eastern Africa,919901,1862.0,494.04,False,True,True,-12.16666666,44.25,"Arabic, French, Comorian",KMF,Comorian franc,+269,UTC+03:00,,0,🇰🇲,https://flagcdn.com/w320/km.png,https://flagcdn.com/km.svg,Africa,monday,right,45.3
Fiji,Republic of Fiji,FJ,FJI,Suva,Oceania,Melanesia,900869,18272.0,49.3,False,True,True,-17.7134,178.065,"English, Fijian, Fiji Hindi",FJD,Fijian dollar,+679,UTC+12:00,,0,🇫🇯,https://flagcdn.com/w320/fj.png,https://flagcdn.com/fj.svg,Oceania,monday,left,36.7
Réunion,Réunion Island,RE,REU,Saint-Denis,Africa,Eastern Africa,896175,2511.0,356.9,False,False,False,-21.15,55.5,French,EUR,Euro,+262,UTC+04:00,,0,🇷🇪,https://flagcdn.com/w320/re.png,https://flagcdn.com/re.svg,Africa,monday,right,
Bhutan,Kingdom of Bhutan,BT,BTN,Thimphu,Asia,Southern Asia,784043,38394.0,20.42,True,True,True,27.5,90.5,Dzongkha,"BTN, INR","Bhutanese ngultrum, Indian rupee",+975,UTC+06:00,"CHN, IND",2,🇧🇹,https://flagcdn.com/w320/bt.png,https://flagcdn.com/bt.svg,Asia,monday,left,37.4
Guyana,Co-operative Republic of Guyana,GY,GUY,Georgetown,Americas,South America,772975,214969.0,3.6,False,True,True,5.0,-59.0,English,GYD,Guyanese dollar,+592,UTC-04:00,"BRA, SUR, VEN",3,🇬🇾,https://flagcdn.com/w320/gy.png,https://flagcdn.com/gy.svg,South America,monday,left,45.1
Solomon Islands,Solomon Islands,SB,SLB,Honiara,Oceania,Melanesia,750325,28896.0,25.97,False,True,True,-8.0,159.0,English,SBD,Solomon Islands dollar,+677,UTC+11:00,,0,🇸🇧,https://flagcdn.com/w320/sb.png,https://flagcdn.com/sb.svg,Oceania,monday,left,37.1
Macau,Macao Special Administrative Region of the People's Republic of China,MO,MAC,,Asia,Eastern Asia,685900,30.0,22863.33,False,False,False,22.16666666,113.55,"Portuguese, Chinese",MOP,Macanese pataca,+853,UTC+08:00,CHN,1,🇲🇴,https://flagcdn.com/w320/mo.png,https://flagcdn.com/mo.svg,Asia,monday,left,
Luxembourg,Grand Duchy of Luxembourg,LU,LUX,Luxembourg,Europe,Western Europe,681973,2586.0,263.72,True,True,True,49.75,6.16666666,"German, French, Luxembourgish",EUR,Euro,+352,UTC+01:00,"BEL, FRA, DEU",3,🇱🇺,https://flagcdn.com/w320/lu.png,https://flagcdn.com/lu.svg,Europe,monday,right,35.4
Montenegro,Montenegro,ME,MNE,Podgorica,Europe,Southeast Europe,623327,13812.0,45.13,False,True,True,42.5,19.3,Montenegrin,EUR,Euro,+382,UTC+01:00,"ALB, BIH, HRV, UNK, SRB",5,🇲🇪,https://flagcdn.com/w320/me.png,https://flagcdn.com/me.svg,Europe,monday,right,38.5
Suriname,Republic of Suriname,SR,SUR,Paramaribo,Americas,South America,616500,163820.0,3.76,False,True,True,4.0,-56.0,Dutch,SRD,Surinamese dollar,+597,UTC-03:00,"BRA, GUF, GUY",3,🇸🇷,https://flagcdn.com/w320/sr.png,https://flagcdn.com/sr.svg,South America,monday,left,57.9
Western Sahara,Sahrawi Arab Democratic Republic,EH,ESH,El Aaiún,Africa,Northern Africa,600904,266000.0,2.26,False,False,False,24.5,-13.0,"Berber, Hassaniya, Spanish","DZD, MAD, MRU","Algerian dinar, Moroccan dirham, Mauritanian ouguiya",+2125288,UTC+00:00,"DZA, MRT, MAR",3,🇪🇭,https://flagcdn.com/w320/eh.png,https://flagcdn.com/eh.svg,Africa,monday,right,
Malta,Republic of Malta,MT,MLT,Valletta,Europe,Southern Europe,574250,316.0,1817.25,False,True,True,35.9375,14.3754,"English, Maltese",EUR,Euro,+356,UTC+01:00,,0,🇲🇹,https://flagcdn.com/w320/mt.png,https://flagcdn.com/mt.svg,Europe,monday,left,28.7
Maldives,Republic of the Maldives,MV,MDV,Malé,Asia,Southern Asia,515132,300.0,1717.11,False,True,True,3.25,73.0,Maldivian,MVR,Maldivian rufiyaa,+960,UTC+05:00,,0,🇲🇻,https://flagcdn.com/w320/mv.png,https://flagcdn.com/mv.svg,Asia,sunday,left,31.3
Cape Verde,Republic of Cabo Verde,CV,CPV,Praia,Africa,Western Africa,491233,4033.0,121.8,False,True,True,16.5388,-23.0418,Portuguese,CVE,Cape Verdean escudo,+238,UTC-01:00,,0,🇨🇻,https://flagcdn.com/w320/cv.png,https://flagcdn.com/cv.svg,Africa,monday,right,42.4
Brunei,"Nation of Brunei, Abode of Peace",BN,BRN,Bandar Seri Begawan,Asia,South-Eastern Asia,455500,5765.0,79.01,False,True,True,4.5,114.66666666,Malay,"BND, SGD","Brunei dollar, Singapore dollar",+673,UTC+08:00,MYS,1,🇧🇳,https://flagcdn.com/w320/bn.png,https://flagcdn.com/bn.svg,Asia,monday,left,
Belize,Belize,BZ,BLZ,Belmopan,Americas,Central America,417634,22966.0,18.18,False,True,True,17.25,-88.75,"Belizean Creole, English, Spanish",BZD,Belize dollar,+501,UTC-06:00,"GTM, MEX",2,🇧🇿,https://flagcdn.com/w320/bz.png,https://flagcdn.com/bz.svg,North America,monday,right,53.3
Bahamas,Commonwealth of the Bahamas,BS,BHS,Nassau,Americas,Caribbean,398165,13943.0,28.56,False,True,True,25.0343,-77.3963,English,"BSD, USD","Bahamian dollar, United States dollar",+1242,UTC-05:00,,0,🇧🇸,https://flagcdn.com/w320/bs.png,https://flagcdn.com/bs.svg,North America,monday,left,
Iceland,Iceland,IS,ISL,Reykjavik,Europe,Northern Europe,391810,103000.0,3.8,False,True,True,65.0,-18.0,Icelandic,ISK,Icelandic króna,+354,UTC,,0,🇮🇸,https://flagcdn.com/w320/is.png,https://flagcdn.com/is.svg,Europe,monday,right,26.1
Guadeloupe,Guadeloupe,GP,GLP,Basse-Terre,Americas,Caribbean,378561,1628.0,232.53,False,False,False,16.25,-61.583333,French,EUR,Euro,+590,UTC-04:00,,0,🇬🇵,https://flagcdn.com/w320/gp.png,https://flagcdn.com/gp.svg,North America,monday,right,
Martinique,Martinique,MQ,MTQ,Fort-de-France,Americas,Caribbean,349925,1128.0,310.22,False,False,False,14.666667,-61.0,French,EUR,Euro,+596,UTC-04:00,,0,🇲🇶,https://flagcdn.com/w320/mq.png,https://flagcdn.com/mq.svg,North America,monday,right,
Vanuatu,Republic of Vanuatu,VU,VUT,Port Vila,Oceania,Melanesia,321409,12189.0,26.37,False,True,True,-16.0,167.0,"Bislama, English, French",VUV,Vanuatu vatu,+678,UTC+11:00,,0,🇻🇺,https://flagcdn.com/w320/vu.png,https://flagcdn.com/vu.svg,Oceania,monday,right,37.6
Mayotte,Department of Mayotte,YT,MYT,Mamoudzou,Africa,Eastern Africa,320901,374.0,858.02,False,False,False,-12.83333333,45.16666666,French,EUR,Euro,+262,UTC+03:00,,0,🇾🇹,https://flagcdn.com/w320/yt.png,https://flagcdn.com/yt.svg,Africa,monday,right,
French Guiana,Guiana,GF,GUF,Cayenne,Americas,South America,292354,83534.0,3.5,False,False,False,4.0,-53.0,French,EUR,Euro,+594,UTC-03:00,"BRA, SUR",2,🇬🇫,https://flagcdn.com/w320/gf.png,https://flagcdn.com/gf.svg,South America,monday,right,
French Polynesia,French Polynesia,PF,PYF,Papeetē,Oceania,Polynesia,279500,4167.0,67.07,False,False,False,-17.6797,-149.4068,French,XPF,CFP franc,+689,"UTC-10:00, UTC-09:30, UTC-09:00",,0,🇵🇫,https://flagcdn.com/w320/pf.png,https://flagcdn.com/pf.svg,Oceania,monday,right,
Barbados,Barbados,BB,BRB,Bridgetown,Americas,Caribbean,267800,430.0,622.79,False,True,True,13.16666666,-59.53333333,English,BBD,Barbadian dollar,+1246,UTC-04:00,,0,🇧🇧,https://flagcdn.com/w320/bb.png,https://flagcdn.com/bb.svg,North America,monday,left,
New Caledonia,New Caledonia,NC,NCL,Nouméa,Oceania,Melanesia,264596,18575.0,14.24,False,False,False,-21.5,165.5,French,XPF,CFP franc,+687,UTC+11:00,,0,🇳🇨,https://flagcdn.com/w320/nc.png,https://flagcdn.com/nc.svg,Oceania,monday,right,
São Tomé and Príncipe,Democratic Republic of São Tomé and Príncipe,ST,STP,São Tomé,Africa,Middle Africa,209607,964.0,217.43,False,True,True,1.0,7.0,Portuguese,STN,São Tomé and Príncipe dobra,+239,UTC,,0,🇸🇹,https://flagcdn.com/w320/st.png,https://flagcdn.com/st.svg,Africa,monday,right,56.3
Samoa,Independent State of Samoa,WS,WSM,Apia,Oceania,Polynesia,205557,2842.0,72.33,False,True,True,-13.58333333,-172.33333333,"English, Samoan",WST,Samoan tÄlÄ,+685,UTC+13:00,,0,ğŸ‡¼ğŸ‡¸,https://flagcdn.com/w320/ws.png,https://flagcdn.com/ws.svg,Oceania,monday,left,38.7
Saint Lucia,Saint Lucia,LC,LCA,Castries,Americas,Caribbean,184100,616.0,298.86,False,True,True,13.88333333,-60.96666666,English,XCD,Eastern Caribbean dollar,+1758,UTC-04:00,,0,🇱🇨,https://flagcdn.com/w320/lc.png,https://flagcdn.com/lc.svg,North America,monday,left,51.2
Curaçao,Country of Curaçao,CW,CUW,Willemstad,Americas,Caribbean,156115,444.0,351.61,False,False,False,12.116667,-68.933333,"English, Dutch, Papiamento",ANG,Netherlands Antillean guilder,+599,UTC-04:00,,0,🇨🇼,https://flagcdn.com/w320/cw.png,https://flagcdn.com/cw.svg,North America,monday,right,
Guam,Guam,GU,GUM,Hagåtña,Oceania,Micronesia,153836,549.0,280.21,False,False,False,13.46666666,144.78333333,"Chamorro, English, Spanish",USD,United States dollar,+1671,UTC+10:00,,0,🇬🇺,https://flagcdn.com/w320/gu.png,https://flagcdn.com/gu.svg,Oceania,monday,right,
Seychelles,Republic of Seychelles,SC,SYC,Victoria,Africa,Eastern Africa,122729,452.0,271.52,False,True,True,-4.58333333,55.66666666,"Seychellois Creole, English, French",SCR,Seychellois rupee,+248,UTC+04:00,,0,🇸🇨,https://flagcdn.com/w320/sc.png,https://flagcdn.com/sc.svg,Africa,monday,left,32.1
Kiribati,Independent and Sovereign Republic of Kiribati,KI,KIR,South Tarawa,Oceania,Micronesia,120740,811.0,148.88,False,True,True,1.41666666,173.0,"English, Gilbertese","AUD, KID","Australian dollar, Kiribati dollar",+686,"UTC+12:00, UTC+13:00, UTC+14:00",,0,🇰🇮,https://flagcdn.com/w320/ki.png,https://flagcdn.com/ki.svg,Oceania,monday,left,37.0
Saint Vincent and the Grenadines,Saint Vincent and the Grenadines,VC,VCT,Kingstown,Americas,Caribbean,110872,389.0,285.02,False,True,True,13.25,-61.2,English,XCD,Eastern Caribbean dollar,+1784,UTC-04:00,,0,🇻🇨,https://flagcdn.com/w320/vc.png,https://flagcdn.com/vc.svg,North America,monday,left,
Grenada,Grenada,GD,GRD,St. George's,Americas,Caribbean,109021,344.0,316.92,False,True,True,12.11666666,-61.66666666,English,XCD,Eastern Caribbean dollar,+1473,UTC-04:00,,0,🇬🇩,https://flagcdn.com/w320/gd.png,https://flagcdn.com/gd.svg,North America,monday,left,
Aruba,Aruba,AW,ABW,Oranjestad,Americas,Caribbean,107566,180.0,597.59,False,False,False,12.5,-69.96666666,"Dutch, Papiamento",AWG,Aruban florin,+297,UTC-04:00,,0,🇦🇼,https://flagcdn.com/w320/aw.png,https://flagcdn.com/aw.svg,North America,monday,right,
Micronesia,Federated States of Micronesia,FM,FSM,Palikir,Oceania,Micronesia,105564,702.0,150.38,False,True,True,6.91666666,158.25,English,USD,United States dollar,+691,"UTC+10:00, UTC+11:00",,0,🇫🇲,https://flagcdn.com/w320/fm.png,https://flagcdn.com/fm.svg,Oceania,monday,right,40.1
Antigua and Barbuda,Antigua and Barbuda,AG,ATG,Saint John's,Americas,Caribbean,103603,442.0,234.4,False,True,True,17.05,-61.8,English,XCD,Eastern Caribbean dollar,+1268,UTC-04:00,,0,🇦🇬,https://flagcdn.com/w320/ag.png,https://flagcdn.com/ag.svg,North America,monday,left,
Jersey,Bailiwick of Jersey,JE,JEY,Saint Helier,Europe,Northern Europe,103267,116.0,890.23,False,False,False,49.25,-2.16666666,"English, French, Jèrriais","GBP, JEP","British pound, Jersey pound",+44,UTC+01:00,,0,🇯🇪,https://flagcdn.com/w320/je.png,https://flagcdn.com/je.svg,Europe,monday,left,
Tonga,Kingdom of Tonga,TO,TON,Nuku'alofa,Oceania,Polynesia,100179,747.0,134.11,False,True,True,-20.0,-175.0,"English, Tongan",TOP,Tongan paʻanga,+676,UTC+13:00,,0,🇹🇴,https://flagcdn.com/w320/to.png,https://flagcdn.com/to.svg,Oceania,monday,left,37.6
Andorra,Principality of Andorra,AD,AND,Andorra la Vella,Europe,Southern Europe,88406,468.0,188.9,True,True,True,42.5,1.5,Catalan,EUR,Euro,+376,UTC+01:00,"FRA, ESP",2,🇦🇩,https://flagcdn.com/w320/ad.png,https://flagcdn.com/ad.svg,Europe,monday,right,
United States Virgin Islands,Virgin Islands of the United States,VI,VIR,Charlotte Amalie,Americas,Caribbean,87146,347.0,251.14,False,False,False,18.35,-64.933333,English,USD,United States dollar,+1340,UTC-04:00,,0,🇻🇮,https://flagcdn.com/w320/vi.png,https://flagcdn.com/vi.svg,North America,monday,right,
Cayman Islands,Cayman Islands,KY,CYM,George Town,Americas,Caribbean,84738,264.0,320.98,False,False,False,19.3133,-81.2546,English,KYD,Cayman Islands dollar,+1345,UTC-05:00,,0,🇰🇾,https://flagcdn.com/w320/ky.png,https://flagcdn.com/ky.svg,North America,monday,left,
Isle of Man,Isle of Man,IM,IMN,Douglas,Europe,Northern Europe,84530,572.0,147.78,False,False,False,54.25,-4.5,"English, Manx","GBP, IMP","British pound, Manx pound",+44,UTC+00:00,,0,🇮🇲,https://flagcdn.com/w320/im.png,https://flagcdn.com/im.svg,Europe,monday,left,
Dominica,Commonwealth of Dominica,DM,DMA,Roseau,Americas,Caribbean,67408,751.0,89.76,False,True,True,15.41666666,-61.33333333,English,XCD,Eastern Caribbean dollar,+1767,UTC-04:00,,0,🇩🇲,https://flagcdn.com/w320/dm.png,https://flagcdn.com/dm.svg,North America,monday,left,
Guernsey,Bailiwick of Guernsey,GG,GGY,St. Peter Port,Europe,Northern Europe,64781,78.0,830.53,False,False,False,49.46666666,-2.58333333,"English, French, Guernésiais","GBP, GGP","British pound, Guernsey pound",+44,UTC+00:00,,0,🇬🇬,https://flagcdn.com/w320/gg.png,https://flagcdn.com/gg.svg,Europe,monday,left,
Bermuda,Bermuda,BM,BMU,Hamilton,Americas,North America,64055,54.0,1186.2,False,False,False,32.33333333,-64.75,English,BMD,Bermudian dollar,+1441,UTC-04:00,,0,🇧🇲,https://flagcdn.com/w320/bm.png,https://flagcdn.com/bm.svg,North America,monday,left,
Greenland,Greenland,GL,GRL,Nuuk,Americas,North America,56542,2166086.0,0.03,False,False,False,72.0,-40.0,Greenlandic,DKK,krone,+299,"UTC-04:00, UTC-03:00, UTC-01:00, UTC+00:00",,0,🇬🇱,https://flagcdn.com/w320/gl.png,https://flagcdn.com/gl.svg,North America,monday,right,
Faroe Islands,Faroe Islands,FO,FRO,Tórshavn,Europe,Northern Europe,54885,1393.0,39.4,False,False,False,62.0,-7.0,"Danish, Faroese","DKK, FOK","Danish krone, Faroese króna",+298,UTC+00:00,,0,🇫🇴,https://flagcdn.com/w320/fo.png,https://flagcdn.com/fo.svg,Europe,monday,right,
Saint Kitts and Nevis,Federation of Saint Christopher and Nevis,KN,KNA,Basseterre,Americas,Caribbean,51320,261.0,196.63,False,True,True,17.33333333,-62.75,English,XCD,Eastern Caribbean dollar,+1869,UTC-04:00,,0,🇰🇳,https://flagcdn.com/w320/kn.png,https://flagcdn.com/kn.svg,North America,monday,left,
Turks and Caicos Islands,Turks and Caicos Islands,TC,TCA,Cockburn Town,Americas,Caribbean,50828,948.0,53.62,False,False,False,21.75,-71.58333333,English,USD,United States dollar,+1649,UTC-04:00,,0,🇹🇨,https://flagcdn.com/w320/tc.png,https://flagcdn.com/tc.svg,North America,monday,left,
American Samoa,American Samoa,AS,ASM,Pago Pago,Oceania,Polynesia,49710,199.0,249.8,False,False,False,-14.33333333,-170.0,"English, Samoan",USD,United States dollar,+1684,UTC-11:00,,0,🇦🇸,https://flagcdn.com/w320/as.png,https://flagcdn.com/as.svg,Oceania,monday,right,
Northern Mariana Islands,Commonwealth of the Northern Mariana Islands,MP,MNP,Saipan,Oceania,Micronesia,47329,464.0,102.0,False,False,False,15.2,145.75,"Carolinian, Chamorro, English",USD,United States dollar,+1670,UTC+10:00,,0,🇲🇵,https://flagcdn.com/w320/mp.png,https://flagcdn.com/mp.svg,Oceania,monday,right,
Marshall Islands,Republic of the Marshall Islands,MH,MHL,Majuro,Oceania,Micronesia,42418,181.0,234.35,False,True,True,9.0,168.0,"English, Marshallese",USD,United States dollar,+692,UTC+12:00,,0,🇲🇭,https://flagcdn.com/w320/mh.png,https://flagcdn.com/mh.svg,Oceania,monday,right,
Sint Maarten,Sint Maarten,SX,SXM,Philipsburg,Americas,Caribbean,41349,34.0,1216.15,False,False,False,18.033333,-63.05,"English, French, Dutch",ANG,Netherlands Antillean guilder,+1721,UTC-04:00,MAF,1,🇸🇽,https://flagcdn.com/w320/sx.png,https://flagcdn.com/sx.svg,North America,monday,right,
Liechtenstein,Principality of Liechtenstein,LI,LIE,Vaduz,Europe,Western Europe,40900,160.0,255.62,True,True,True,47.26666666,9.53333333,German,CHF,Swiss franc,+423,UTC+01:00,"AUT, CHE",2,🇱🇮,https://flagcdn.com/w320/li.png,https://flagcdn.com/li.svg,Europe,monday,right,
British Virgin Islands,Virgin Islands,VG,VGB,Road Town,Americas,Caribbean,39471,151.0,261.4,False,False,False,18.431383,-64.62305,English,USD,United States dollar,+1284,UTC-04:00,,0,🇻🇬,https://flagcdn.com/w320/vg.png,https://flagcdn.com/vg.svg,North America,monday,left,
Monaco,Principality of Monaco,MC,MCO,Monaco,Europe,Western Europe,38423,2.02,19021.29,False,True,True,43.73333333,7.4,French,EUR,Euro,+377,UTC+01:00,FRA,1,🇲🇨,https://flagcdn.com/w320/mc.png,https://flagcdn.com/mc.svg,Europe,monday,right,
Gibraltar,Gibraltar,GI,GIB,Gibraltar,Europe,Southern Europe,38000,6.0,6333.33,False,False,False,36.13333333,-5.35,English,GIP,Gibraltar pound,+350,UTC+01:00,ESP,1,🇬🇮,https://flagcdn.com/w320/gi.png,https://flagcdn.com/gi.svg,Europe,monday,right,
San Marino,Republic of San Marino,SM,SMR,City of San Marino,Europe,Southern Europe,34132,61.0,559.54,True,True,True,43.76666666,12.41666666,Italian,EUR,Euro,+378,UTC+01:00,ITA,1,🇸🇲,https://flagcdn.com/w320/sm.png,https://flagcdn.com/sm.svg,Europe,monday,right,
Caribbean Netherlands,"Bonaire, Sint Eustatius and Saba",BQ,BES,Kralendijk,Americas,Caribbean,31980,328.0,97.5,False,False,False,12.18,-68.25,"English, Dutch, Papiamento",USD,United States dollar,+599,UTC-04:00,,0,🇧🇶,https://flagcdn.com/w320/bq.png,https://flagcdn.com/bq.svg,North America,monday,right,
Saint Martin,Saint Martin,MF,MAF,Marigot,Americas,Caribbean,31496,53.0,594.26,False,False,False,18.0708,-63.0501,French,EUR,Euro,+590,UTC-04:00,SXM,1,🇲🇫,https://flagcdn.com/w320/mf.png,https://flagcdn.com/mf.svg,North America,monday,right,
Åland Islands,Åland Islands,AX,ALA,Mariehamn,Europe,Northern Europe,30654,1580.0,19.4,False,False,False,60.116667,19.9,Swedish,EUR,Euro,+35818,UTC+02:00,,0,🇦🇽,https://flagcdn.com/w320/ax.png,https://flagcdn.com/ax.svg,Europe,monday,right,
Palau,Republic of Palau,PW,PLW,Ngerulmud,Oceania,Micronesia,16733,459.0,36.46,False,True,True,7.5,134.5,"English, Palauan",USD,United States dollar,+680,UTC+09:00,,0,🇵🇼,https://flagcdn.com/w320/pw.png,https://flagcdn.com/pw.svg,Oceania,monday,right,
Anguilla,Anguilla,AI,AIA,The Valley,Americas,Caribbean,16010,91.0,175.93,False,False,False,18.25,-63.16666666,English,XCD,Eastern Caribbean dollar,+1264,UTC-04:00,,0,🇦🇮,https://flagcdn.com/w320/ai.png,https://flagcdn.com/ai.svg,North America,monday,left,
Cook Islands,Cook Islands,CK,COK,Avarua,Oceania,Polynesia,15040,236.0,63.73,False,False,False,-21.23333333,-159.76666666,"English, Cook Islands MÄori","CKD, NZD","Cook Islands dollar, New Zealand dollar",+682,UTC-10:00,,0,ğŸ‡¨ğŸ‡°,https://flagcdn.com/w320/ck.png,https://flagcdn.com/ck.svg,Oceania,monday,left,
Nauru,Republic of Nauru,NR,NRU,Yaren,Oceania,Micronesia,11680,21.0,556.19,False,True,True,-0.53333333,166.91666666,"English, Nauru",AUD,Australian dollar,+674,UTC+12:00,,0,🇳🇷,https://flagcdn.com/w320/nr.png,https://flagcdn.com/nr.svg,Oceania,monday,left,34.8
Wallis and Futuna,Territory of the Wallis and Futuna Islands,WF,WLF,Mata-Utu,Oceania,Polynesia,11620,142.0,81.83,False,False,False,-13.3,-176.2,French,XPF,CFP franc,+681,UTC+12:00,,0,🇼🇫,https://flagcdn.com/w320/wf.png,https://flagcdn.com/wf.svg,Oceania,monday,right,
Tuvalu,Tuvalu,TV,TUV,Funafuti,Oceania,Polynesia,10643,26.0,409.35,False,True,True,-8.0,178.0,"English, Tuvaluan","AUD, TVD","Australian dollar, Tuvaluan dollar",+688,UTC+12:00,,0,🇹🇻,https://flagcdn.com/w320/tv.png,https://flagcdn.com/tv.svg,Oceania,monday,left,39.1
Saint Barthélemy,Collectivity of Saint Barthélemy,BL,BLM,Gustavia,Americas,Caribbean,10562,21.0,502.95,False,False,False,18.5,-63.41666666,French,EUR,Euro,+590,UTC-04:00,,0,🇧🇱,https://flagcdn.com/w320/bl.png,https://flagcdn.com/bl.svg,North America,monday,right,
Saint Pierre and Miquelon,Saint Pierre and Miquelon,PM,SPM,Saint-Pierre,Americas,North America,5819,242.0,24.05,False,False,False,46.83333333,-56.33333333,French,EUR,Euro,+508,UTC-03:00,,0,🇵🇲,https://flagcdn.com/w320/pm.png,https://flagcdn.com/pm.svg,North America,monday,right,
"Saint Helena, Ascension and Tristan da Cunha","Saint Helena, Ascension and Tristan da Cunha",SH,SHN,Jamestown,Africa,Western Africa,5651,394.0,14.34,False,False,False,-15.95,-5.72,English,"GBP, SHP","Pound sterling, Saint Helena pound",+290,UTC+00:00,,0,🇸🇭,https://flagcdn.com/w320/sh.png,https://flagcdn.com/sh.svg,Africa,monday,left,
Montserrat,Montserrat,MS,MSR,Plymouth,Americas,Caribbean,4386,102.0,43.0,False,False,False,16.75,-62.2,English,XCD,Eastern Caribbean dollar,+1664,UTC-04:00,,0,🇲🇸,https://flagcdn.com/w320/ms.png,https://flagcdn.com/ms.svg,North America,monday,left,
Falkland Islands,Falkland Islands,FK,FLK,Stanley,Americas,South America,3662,12173.0,0.3,False,False,False,-51.75,-59.0,English,FKP,Falkland Islands pound,+500,UTC-04:00,,0,🇫🇰,https://flagcdn.com/w320/fk.png,https://flagcdn.com/fk.svg,South America,monday,left,
Tokelau,Tokelau,TK,TKL,Fakaofo,Oceania,Polynesia,2608,12.0,217.33,False,False,False,-9.0,-172.0,"English, Samoan, Tokelauan",NZD,New Zealand dollar,+690,UTC+13:00,,0,🇹🇰,https://flagcdn.com/w320/tk.png,https://flagcdn.com/tk.svg,Oceania,monday,left,
Svalbard and Jan Mayen,Svalbard og Jan Mayen,SJ,SJM,Longyearbyen,Europe,Northern Europe,2530,61399.0,0.04,False,False,False,78.0,20.0,Norwegian,NOK,krone,+4779,UTC+01:00,,0,🇸🇯,https://flagcdn.com/w320/sj.png,https://flagcdn.com/sj.svg,Europe,monday,right,
Norfolk Island,Territory of Norfolk Island,NF,NFK,Kingston,Oceania,Australia and New Zealand,2188,36.0,60.78,False,False,False,-29.03333333,167.95,"English, Norfuk",AUD,Australian dollar,+672,UTC+11:30,,0,🇳🇫,https://flagcdn.com/w320/nf.png,https://flagcdn.com/nf.svg,Oceania,monday,left,
Christmas Island,Territory of Christmas Island,CX,CXR,Flying Fish Cove,Oceania,Australia and New Zealand,1692,135.0,12.53,False,False,False,-10.5,105.66666666,English,AUD,Australian dollar,+61,UTC+07:00,,0,🇨🇽,https://flagcdn.com/w320/cx.png,https://flagcdn.com/cx.svg,Asia,monday,left,
Niue,Niue,NU,NIU,Alofi,Oceania,Polynesia,1681,260.0,6.47,False,False,False,-19.03333333,-169.86666666,"English, Niuean",NZD,New Zealand dollar,+683,UTC-11:00,,0,🇳🇺,https://flagcdn.com/w320/nu.png,https://flagcdn.com/nu.svg,Oceania,monday,left,
Vatican City,Vatican City State,VA,VAT,Vatican City,Europe,Southern Europe,882,0.49,1800.0,True,True,False,41.9,12.45,"Italian, Latin",EUR,Euro,+3906698,UTC+01:00,ITA,1,🇻🇦,https://flagcdn.com/w320/va.png,https://flagcdn.com/va.svg,Europe,monday,right,
Cocos (Keeling) Islands,Territory of the Cocos (Keeling) Islands,CC,CCK,West Island,Oceania,Australia and New Zealand,593,14.0,42.36,False,False,False,-12.1642,96.871,English,AUD,Australian dollar,+61,UTC+06:30,,0,🇨🇨,https://flagcdn.com/w320/cc.png,https://flagcdn.com/cc.svg,Asia,monday,left,
Pitcairn Islands,Pitcairn Group of Islands,PN,PCN,Adamstown,Oceania,Polynesia,35,47.0,0.74,False,False,False,-25.06666666,-130.1,English,NZD,New Zealand dollar,+64,UTC-08:00,,0,🇵🇳,https://flagcdn.com/w320/pn.png,https://flagcdn.com/pn.svg,Oceania,monday,left,
British Indian Ocean Territory,British Indian Ocean Territory,IO,IOT,Diego Garcia,Africa,Eastern Africa,0,60.0,0.0,False,False,False,-6.0,71.5,English,USD,United States dollar,+246,UTC+06:00,,0,🇮🇴,https://flagcdn.com/w320/io.png,https://flagcdn.com/io.svg,Asia,monday,right,
United States Minor Outlying Islands,United States Minor Outlying Islands,UM,UMI,Washington DC,Americas,North America,0,34.2,0.0,False,False,False,19.3,166.633333,English,USD,United States dollar,+268,"UTC-11:00, UTC-10:00, UTC+12:00",,0,🇺🇲,https://flagcdn.com/w320/um.png,https://flagcdn.com/um.svg,Oceania,monday,right,
